{"mean": {"popularity": 52.25043630017452, "danceability": 0.5728394415357758, "energy": 0.6124827137870864, "loudness": -9.540137870855128, "mode": 0.5959860383944153, "speechiness": 0.06933568935427589, "acousticness": 0.34075179078097567, "instrumentalness": 0.20880518036212917, "liveness": 0.17992526178010473, "valence": 0.5360968150087266, "tempo": 117.95924999999983, "duration": 235148.73691099478, "es_reggaeton": 0.030541012216404886, "key__1.0": 0.07853403141361257, "key__2.0": 0.11649214659685864, "key__3.0": 0.02356020942408377, "key__4.0": 0.09293193717277487, "key__5.0": 0.08595113438045375, "key__6.0": 0.06893542757417102, "key__7.0": 0.11736474694589878, "key__8.0": 0.049738219895287955, "key__9.0": 0.1099476439790576, "key__10.0": 0.05759162303664921, "key__11.0": 0.07329842931937172}, "std": {"popularity": 17.277717811233124, "danceability": 0.16785384126457825, "energy": 0.28001818947366025, "loudness": 6.086131957027848, "mode": 0.4908072753736141, "speechiness": 0.06449632786101862, "acousticness": 0.35738895070689974, "instrumentalness": 0.34807041147846945, "liveness": 0.15336065358715292, "valence": 0.2737378970070762, "tempo": 28.602015392812113, "duration": 89101.55582713697, "es_reggaeton": 0.1721080547688098, "key__1.0": 0.26906881014770867, "key__2.0": 0.3208841702948351, "key__3.0": 0.15170750633229774, "key__4.0": 0.2904003899119644, "key__5.0": 0.2803530437247497, "key__6.0": 0.2533995852847257, "key__7.0": 0.3219246484783793, "key__8.0": 0.2174510515337983, "key__9.0": 0.31289275186123605, "key__10.0": 0.23302042495396785, "key__11.0": 0.26068260114486586}}