Unnamed: 0,popularity,danceability,energy,key,loudness,mode,speechiness,acousticness,instrumentalness,liveness,valence,tempo,duration,id_new
70.0,70.0,70.0,70.0,70.0,70.0,70.0,70.0,70.0,70.0,70.0,70.0,70.0,70.0,70.0
35.5,56.957142857142856,0.7759999999999998,0.7781714285714286,5.6,-6.327571428571431,0.5714285714285714,0.12062,0.15872485714285708,0.0054606217142857145,0.18939714285714282,0.7026714285714283,105.91028571428573,275646.71428571426,35.5
20.351085147152883,10.703427209883154,0.0807242577983932,0.09777435890252194,3.69645345107199,2.2430600124521187,0.49844478627922717,0.07509606523974977,0.13257432641858533,0.02987372306786462,0.1285423124059737,0.1520904309016273,28.55485364115721,257543.72794943213,20.351085147152883
1.0,27.0,0.503,0.5329999999999999,0.0,-13.267999999999999,0.0,0.032,0.00165,0.0,0.0354,0.354,84.012,151667.0,1.0
18.25,52.25,0.7432500000000001,0.7002500000000002,1.0,-7.12875,0.0,0.06437499999999999,0.056025,0.0,0.094475,0.5822499999999999,93.9935,196413.25,18.25
35.5,59.0,0.7919999999999999,0.79,6.5,-6.031000000000001,1.0,0.0906,0.11299999999999999,1.1199999999999999e-06,0.14100000000000001,0.7225,95.01849999999999,219530.5,35.5
52.75,63.0,0.8275,0.8634999999999999,9.0,-4.95975,1.0,0.161,0.24350000000000002,1.855e-05,0.2625,0.8302499999999999,102.27775,250909.75,52.75
70.0,75.0,0.9440000000000001,0.946,11.0,-0.262,1.0,0.308,0.563,0.243,0.7759999999999999,0.966,214.058,1499600.0,70.0
