Unnamed: 0,popularity,danceability,energy,key,loudness,mode,speechiness,acousticness,instrumentalness,liveness,valence,tempo,duration,time_signature,id_new
2230.0,2229.0,2222.0,2222.0,2222.0,2222.0,2222.0,2222.0,2222.0,2222.0,2222.0,2222.0,2222.0,2222.0,2222.0,2230.0
1115.5,51.938537460744726,0.5664392439243935,0.6072629972997297,5.175517551755176,-9.64134383438341,0.5967596759675967,0.06772007200720076,0.34648621263276297,0.21521117455895597,0.17962686768676892,0.5308491899189905,118.33883033303339,233872.92304230423,3.902790279027903,1185.5
643.8898715360156,17.640772347802255,0.1658874023960799,0.2822976715654791,3.5197742137032533,6.141384446962969,0.49065865079657506,0.06348367133558254,0.36073432203928035,0.3515671202495798,0.15409256830387097,0.27508801130506233,28.52731341690975,77944.49835392571,0.3906855058252993,643.8898715360156
1.0,0.0,0.0627,0.0018100000000000002,0.0,-42.117,0.0,0.0231,1.52e-06,0.0,0.018000000000000002,0.0279,33.579,46667.0,1.0,71.0
558.25,42.0,0.456,0.40625,2.0,-11.315999999999999,0.0,0.0355,0.021275000000000002,4.68e-06,0.0896,0.298,97.41175,187160.25,4.0,628.25
1115.5,56.0,0.579,0.6709999999999999,5.0,-8.0175,1.0,0.0457,0.189,0.00166,0.11850000000000001,0.5385,117.947,225257.0,4.0,1185.5
1672.75,64.0,0.69075,0.847,8.0,-5.699,1.0,0.0699,0.6672499999999999,0.32875,0.21775,0.767,133.87325,272177.0,4.0,1742.75
2230.0,98.0,0.9420000000000001,0.998,11.0,-0.282,1.0,0.6679999999999999,0.996,0.985,0.978,0.982,211.893,768507.0,5.0,2300.0
